"","ATF3 (85g)","ATF4 (35g)","BCLAF1 (956g)","BHLHE41 (11g)","CEBPA (18g)","CEBPB (56g)","CEBPD (18g)","CHD1 (11g)","CREB3L1 (43g)","DDIT3 (25g)","ELF2 (96g)","ELK3 (12g)","FOS (11g)","FOSB (19g)","FOXO3 (52g)","FOXP1 (25g)","GABPA (16g)","GTF2F1 (35g)","HDAC1 (60g)","IRF1 (77g)","IRF7 (36g)","JUN (21g)","JUNB (30g)","JUND (21g)","KLF10 (13g)","KLF13 (13g)","MAX (33g)","NFKB1 (20g)","NFYC (22g)","POLR2A (27g)","SIX1 (18g)","SMAD1 (17g)","SMAD5 (214g)","SP1 (39g)","STAT1 (269g)","TAF1 (31g)","TBL1XR1 (13g)","UQCRB (1160g)","XBP1 (269g)","YY1 (717g)","ZBTB7A (15g)","ZMIZ1 (16g)"
"ATF3 (85g)",1,0.857142857142857,0.69047619047619,0.880952380952381,0.0714285714285714,1,0.857142857142857,0.69047619047619,0.523809523809524,0.952380952380952,0.785714285714286,0.976190476190476,0.952380952380952,1,0.928571428571429,0.19047619047619,0.5,0.476190476190476,0.30952380952381,1,0.761904761904762,0.976190476190476,1,1,0.976190476190476,0.80952380952381,0.666666666666667,0.285714285714286,0.285714285714286,0.523809523809524,0.666666666666667,0.642857142857143,0.523809523809524,0.523809523809524,0.738095238095238,0.571428571428571,0.857142857142857,0.880952380952381,0.80952380952381,0.80952380952381,0.833333333333333,0.547619047619048
"ATF4 (35g)",0.857142857142857,1,0.952380952380952,0.666666666666667,0.952380952380952,1,0.761904761904762,0.571428571428571,0.976190476190476,1,0.380952380952381,0.380952380952381,0.952380952380952,0.857142857142857,0.523809523809524,0.166666666666667,0.380952380952381,0.880952380952381,0.0952380952380952,0.904761904761905,0.142857142857143,0.976190476190476,0.904761904761905,0.380952380952381,0.833333333333333,0.69047619047619,0.761904761904762,0.595238095238095,0.476190476190476,0.380952380952381,0.880952380952381,0.571428571428571,0.0714285714285714,0.214285714285714,0.142857142857143,0.30952380952381,0.214285714285714,0.785714285714286,1,0.857142857142857,0.523809523809524,0.666666666666667
"BCLAF1 (956g)",0.69047619047619,0.952380952380952,1,0.142857142857143,0.976190476190476,0.833333333333333,0.952380952380952,0.5,1,0.928571428571429,0.166666666666667,0.166666666666667,0.80952380952381,0.642857142857143,0.476190476190476,0.904761904761905,0.285714285714286,0.5,0.666666666666667,0.69047619047619,0.595238095238095,0.904761904761905,0.833333333333333,0.80952380952381,0.714285714285714,0.357142857142857,0.119047619047619,0.5,0.238095238095238,0.30952380952381,0.69047619047619,0.238095238095238,0.833333333333333,0.166666666666667,0.904761904761905,0.0476190476190476,0.452380952380952,0.976190476190476,0.976190476190476,1,0.904761904761905,0.404761904761905
"BHLHE41 (11g)",0.880952380952381,0.666666666666667,0.142857142857143,1,0.238095238095238,0.952380952380952,0.357142857142857,1,0.5,0.857142857142857,0.904761904761905,1,0.619047619047619,0.738095238095238,0.857142857142857,0.476190476190476,0.880952380952381,0.80952380952381,0.714285714285714,0.904761904761905,0.619047619047619,0.619047619047619,0.714285714285714,0.523809523809524,0.476190476190476,0.976190476190476,1,0.761904761904762,0.642857142857143,0.69047619047619,0.80952380952381,0.666666666666667,0.619047619047619,0.785714285714286,0.571428571428571,0.833333333333333,0.952380952380952,0.30952380952381,0.666666666666667,0.142857142857143,0.69047619047619,0.738095238095238
"CEBPA (18g)",0.0714285714285714,0.952380952380952,0.976190476190476,0.238095238095238,1,0.785714285714286,0.928571428571429,0.833333333333333,1,0.857142857142857,0.333333333333333,0.0952380952380952,0.642857142857143,0.5,0.428571428571429,0.976190476190476,0.761904761904762,0.666666666666667,0.928571428571429,0.19047619047619,0.642857142857143,0.476190476190476,0.523809523809524,0.619047619047619,0.857142857142857,0.523809523809524,0.380952380952381,0.976190476190476,0.928571428571429,0.571428571428571,0.976190476190476,0.5,0.761904761904762,0.904761904761905,0.761904761904762,0.642857142857143,0.19047619047619,0.880952380952381,0.928571428571429,0.976190476190476,0.928571428571429,0.785714285714286
"CEBPB (56g)",1,1,0.833333333333333,0.952380952380952,0.785714285714286,1,0.785714285714286,0.642857142857143,0.928571428571429,0.952380952380952,0.571428571428571,0.547619047619048,0.904761904761905,0.928571428571429,0.761904761904762,0.166666666666667,0.523809523809524,0.761904761904762,0.214285714285714,0.904761904761905,0.285714285714286,0.952380952380952,0.976190476190476,0.857142857142857,0.928571428571429,0.761904761904762,1,0.571428571428571,0.69047619047619,0.476190476190476,0.904761904761905,0.714285714285714,0.142857142857143,0.428571428571429,0.261904761904762,0.476190476190476,0.214285714285714,0.785714285714286,0.976190476190476,0.642857142857143,0.619047619047619,0.666666666666667
"CEBPD (18g)",0.857142857142857,0.761904761904762,0.952380952380952,0.357142857142857,0.928571428571429,0.785714285714286,1,0.285714285714286,0.952380952380952,0.857142857142857,0.19047619047619,0.333333333333333,0.928571428571429,0.761904761904762,0.0714285714285714,0.904761904761905,0.238095238095238,0.19047619047619,0.880952380952381,0.976190476190476,0.857142857142857,0.857142857142857,0.952380952380952,0.666666666666667,0.404761904761905,0.214285714285714,0.285714285714286,0.404761904761905,0.69047619047619,0.80952380952381,0.0714285714285714,0.380952380952381,0.928571428571429,0.619047619047619,0.976190476190476,0.619047619047619,0.642857142857143,1,0.619047619047619,0.976190476190476,0.0952380952380952,0.5
"CHD1 (11g)",0.69047619047619,0.571428571428571,0.5,1,0.833333333333333,0.642857142857143,0.285714285714286,1,0.595238095238095,0.642857142857143,0.952380952380952,0.761904761904762,0.571428571428571,0.833333333333333,0.952380952380952,0.738095238095238,0.785714285714286,0.857142857142857,0.857142857142857,0.5,0.785714285714286,0.476190476190476,0.452380952380952,0.880952380952381,0.80952380952381,0.69047619047619,0.666666666666667,0.857142857142857,0.833333333333333,0.904761904761905,0.952380952380952,0.976190476190476,0.714285714285714,1,0.547619047619048,0.857142857142857,0.761904761904762,0.30952380952381,0.595238095238095,0.428571428571429,1,0.928571428571429
"CREB3L1 (43g)",0.523809523809524,0.976190476190476,1,0.5,1,0.928571428571429,0.952380952380952,0.595238095238095,1,0.976190476190476,0.333333333333333,0.166666666666667,0.80952380952381,0.547619047619048,0.166666666666667,0.452380952380952,0.476190476190476,0.952380952380952,0.19047619047619,0.904761904761905,0.238095238095238,0.761904761904762,0.738095238095238,0.0714285714285714,0.642857142857143,0.595238095238095,0.880952380952381,0.928571428571429,0.880952380952381,0.523809523809524,0.785714285714286,0.69047619047619,0.119047619047619,0.476190476190476,0.357142857142857,0.404761904761905,0.166666666666667,0.80952380952381,1,0.928571428571429,0.357142857142857,0.761904761904762
"DDIT3 (25g)",0.952380952380952,1,0.928571428571429,0.857142857142857,0.857142857142857,0.952380952380952,0.857142857142857,0.642857142857143,0.976190476190476,1,0.619047619047619,0.523809523809524,0.904761904761905,0.80952380952381,0.261904761904762,0.166666666666667,0.452380952380952,0.976190476190476,0.119047619047619,1,0.30952380952381,0.80952380952381,0.880952380952381,0.19047619047619,0.761904761904762,0.619047619047619,0.928571428571429,0.666666666666667,0.738095238095238,0.714285714285714,0.333333333333333,0.857142857142857,0.166666666666667,0.428571428571429,0.380952380952381,0.595238095238095,0.428571428571429,0.714285714285714,0.952380952380952,0.714285714285714,0.119047619047619,0.833333333333333
"ELF2 (96g)",0.785714285714286,0.380952380952381,0.166666666666667,0.904761904761905,0.333333333333333,0.571428571428571,0.19047619047619,0.952380952380952,0.333333333333333,0.619047619047619,1,0.928571428571429,0.5,0.952380952380952,1,0.595238095238095,1,1,0.80952380952381,0.69047619047619,0.952380952380952,0.476190476190476,0.452380952380952,0.761904761904762,0.857142857142857,0.952380952380952,1,0.928571428571429,0.952380952380952,1,0.69047619047619,0.976190476190476,0.880952380952381,1,0.642857142857143,1,1,0.119047619047619,0.357142857142857,0.142857142857143,0.928571428571429,0.976190476190476
"ELK3 (12g)",0.976190476190476,0.380952380952381,0.166666666666667,1,0.0952380952380952,0.547619047619048,0.333333333333333,0.761904761904762,0.166666666666667,0.523809523809524,0.928571428571429,1,0.714285714285714,0.785714285714286,0.976190476190476,0.595238095238095,0.904761904761905,0.976190476190476,0.666666666666667,0.761904761904762,0.857142857142857,0.738095238095238,0.833333333333333,0.833333333333333,0.69047619047619,0.857142857142857,0.833333333333333,0.69047619047619,0.523809523809524,0.904761904761905,0.904761904761905,0.738095238095238,0.80952380952381,0.69047619047619,0.714285714285714,0.928571428571429,1,0.595238095238095,0.452380952380952,0.357142857142857,0.714285714285714,0.547619047619048
"FOS (11g)",0.952380952380952,0.952380952380952,0.80952380952381,0.619047619047619,0.642857142857143,0.904761904761905,0.928571428571429,0.571428571428571,0.80952380952381,0.904761904761905,0.5,0.714285714285714,1,0.952380952380952,0.880952380952381,0.714285714285714,0.452380952380952,0.30952380952381,0.571428571428571,0.952380952380952,0.785714285714286,0.976190476190476,1,0.928571428571429,0.904761904761905,0.785714285714286,0.428571428571429,0.333333333333333,0.333333333333333,0.476190476190476,0.80952380952381,0.238095238095238,0.761904761904762,0.333333333333333,0.833333333333333,0.380952380952381,0.547619047619048,0.952380952380952,0.857142857142857,0.880952380952381,0.880952380952381,0.404761904761905
"FOSB (19g)",1,0.857142857142857,0.642857142857143,0.738095238095238,0.5,0.928571428571429,0.761904761904762,0.833333333333333,0.547619047619048,0.80952380952381,0.952380952380952,0.785714285714286,0.952380952380952,1,0.952380952380952,0.285714285714286,0.595238095238095,0.69047619047619,0.452380952380952,0.880952380952381,0.476190476190476,0.928571428571429,0.976190476190476,0.904761904761905,1,0.880952380952381,0.595238095238095,0.69047619047619,0.571428571428571,0.571428571428571,0.904761904761905,0.714285714285714,0.261904761904762,0.785714285714286,0.30952380952381,0.595238095238095,0.5,0.80952380952381,0.857142857142857,0.547619047619048,0.928571428571429,0.69047619047619
"FOXO3 (52g)",0.928571428571429,0.523809523809524,0.476190476190476,0.857142857142857,0.428571428571429,0.761904761904762,0.0714285714285714,0.952380952380952,0.166666666666667,0.261904761904762,1,0.976190476190476,0.880952380952381,0.952380952380952,1,0.428571428571429,0.976190476190476,0.952380952380952,0.642857142857143,0.238095238095238,0.476190476190476,0.904761904761905,0.857142857142857,1,0.976190476190476,1,0.738095238095238,0.761904761904762,0.69047619047619,0.619047619047619,0.976190476190476,0.880952380952381,0.404761904761905,0.880952380952381,0.166666666666667,0.714285714285714,0.976190476190476,0.119047619047619,0.714285714285714,0.30952380952381,1,0.857142857142857
"FOXP1 (25g)",0.19047619047619,0.166666666666667,0.904761904761905,0.476190476190476,0.976190476190476,0.166666666666667,0.904761904761905,0.738095238095238,0.452380952380952,0.166666666666667,0.595238095238095,0.595238095238095,0.714285714285714,0.285714285714286,0.428571428571429,1,0.642857142857143,0.357142857142857,0.952380952380952,0.666666666666667,0.928571428571429,0.547619047619048,0.642857142857143,0.904761904761905,0.380952380952381,0.523809523809524,0.428571428571429,0.80952380952381,0.80952380952381,0.857142857142857,0.333333333333333,0.69047619047619,1,0.833333333333333,0.952380952380952,0.904761904761905,0.904761904761905,0.928571428571429,0.142857142857143,0.976190476190476,0.714285714285714,0.738095238095238
"GABPA (16g)",0.5,0.380952380952381,0.285714285714286,0.880952380952381,0.761904761904762,0.523809523809524,0.238095238095238,0.785714285714286,0.476190476190476,0.452380952380952,1,0.904761904761905,0.452380952380952,0.595238095238095,0.976190476190476,0.642857142857143,1,0.904761904761905,0.785714285714286,0.428571428571429,0.642857142857143,0.452380952380952,0.357142857142857,0.761904761904762,0.785714285714286,0.904761904761905,0.857142857142857,0.833333333333333,0.928571428571429,0.80952380952381,0.976190476190476,0.666666666666667,0.69047619047619,0.976190476190476,0.452380952380952,0.952380952380952,0.80952380952381,0.214285714285714,0.595238095238095,0.214285714285714,0.904761904761905,0.857142857142857
"GTF2F1 (35g)",0.476190476190476,0.880952380952381,0.5,0.80952380952381,0.666666666666667,0.761904761904762,0.19047619047619,0.857142857142857,0.952380952380952,0.976190476190476,1,0.976190476190476,0.30952380952381,0.69047619047619,0.952380952380952,0.357142857142857,0.904761904761905,1,0.452380952380952,0.571428571428571,0.523809523809524,0.357142857142857,0.30952380952381,0.428571428571429,0.857142857142857,0.952380952380952,0.928571428571429,0.928571428571429,0.714285714285714,0.738095238095238,1,0.785714285714286,0.30952380952381,0.976190476190476,0.19047619047619,0.80952380952381,0.642857142857143,0.0714285714285714,0.976190476190476,0.119047619047619,0.857142857142857,0.976190476190476
"HDAC1 (60g)",0.30952380952381,0.0952380952380952,0.666666666666667,0.714285714285714,0.928571428571429,0.214285714285714,0.880952380952381,0.857142857142857,0.19047619047619,0.119047619047619,0.80952380952381,0.666666666666667,0.571428571428571,0.452380952380952,0.642857142857143,0.952380952380952,0.785714285714286,0.452380952380952,1,0.547619047619048,0.952380952380952,0.523809523809524,0.642857142857143,0.952380952380952,0.5,0.595238095238095,0.595238095238095,0.761904761904762,0.952380952380952,0.904761904761905,0.333333333333333,0.80952380952381,1,0.976190476190476,0.976190476190476,1,0.976190476190476,0.928571428571429,0.0952380952380952,0.904761904761905,0.642857142857143,0.952380952380952
"IRF1 (77g)",1,0.904761904761905,0.69047619047619,0.904761904761905,0.19047619047619,0.904761904761905,0.976190476190476,0.5,0.904761904761905,1,0.69047619047619,0.761904761904762,0.952380952380952,0.880952380952381,0.238095238095238,0.666666666666667,0.428571428571429,0.571428571428571,0.547619047619048,1,0.976190476190476,0.904761904761905,0.976190476190476,0.761904761904762,0.80952380952381,0.380952380952381,0.976190476190476,0.404761904761905,0.571428571428571,0.880952380952381,0.166666666666667,0.595238095238095,0.904761904761905,0.666666666666667,1,0.761904761904762,0.904761904761905,0.880952380952381,0.761904761904762,0.738095238095238,0.119047619047619,0.738095238095238
"IRF7 (36g)",0.761904761904762,0.142857142857143,0.595238095238095,0.619047619047619,0.642857142857143,0.285714285714286,0.857142857142857,0.785714285714286,0.238095238095238,0.30952380952381,0.952380952380952,0.857142857142857,0.785714285714286,0.476190476190476,0.476190476190476,0.928571428571429,0.642857142857143,0.523809523809524,0.952380952380952,0.976190476190476,1,0.738095238095238,0.80952380952381,0.880952380952381,0.380952380952381,0.738095238095238,0.738095238095238,0.69047619047619,0.785714285714286,0.880952380952381,0.261904761904762,0.857142857142857,0.976190476190476,0.857142857142857,1,0.976190476190476,0.928571428571429,0.880952380952381,0.119047619047619,0.833333333333333,0.333333333333333,0.761904761904762
"JUN (21g)",0.976190476190476,0.976190476190476,0.904761904761905,0.619047619047619,0.476190476190476,0.952380952380952,0.857142857142857,0.476190476190476,0.761904761904762,0.80952380952381,0.476190476190476,0.738095238095238,0.976190476190476,0.928571428571429,0.904761904761905,0.547619047619048,0.452380952380952,0.357142857142857,0.523809523809524,0.904761904761905,0.738095238095238,1,1,0.952380952380952,0.880952380952381,0.69047619047619,0.214285714285714,0.0952380952380952,0.238095238095238,0.214285714285714,0.785714285714286,0.30952380952381,0.666666666666667,0.19047619047619,0.80952380952381,0.238095238095238,0.666666666666667,1,0.952380952380952,0.976190476190476,0.904761904761905,0.30952380952381
"JUNB (30g)",1,0.904761904761905,0.833333333333333,0.714285714285714,0.523809523809524,0.976190476190476,0.952380952380952,0.452380952380952,0.738095238095238,0.880952380952381,0.452380952380952,0.833333333333333,1,0.976190476190476,0.857142857142857,0.642857142857143,0.357142857142857,0.30952380952381,0.642857142857143,0.976190476190476,0.80952380952381,1,1,0.976190476190476,0.952380952380952,0.69047619047619,0.333333333333333,0.166666666666667,0.214285714285714,0.428571428571429,0.69047619047619,0.333333333333333,0.738095238095238,0.261904761904762,0.857142857142857,0.380952380952381,0.523809523809524,0.976190476190476,0.880952380952381,0.928571428571429,0.785714285714286,0.380952380952381
"JUND (21g)",1,0.380952380952381,0.80952380952381,0.523809523809524,0.619047619047619,0.857142857142857,0.666666666666667,0.880952380952381,0.0714285714285714,0.19047619047619,0.761904761904762,0.833333333333333,0.928571428571429,0.904761904761905,1,0.904761904761905,0.761904761904762,0.428571428571429,0.952380952380952,0.761904761904762,0.880952380952381,0.952380952380952,0.976190476190476,1,0.880952380952381,0.714285714285714,0.380952380952381,0.523809523809524,0.380952380952381,0.619047619047619,0.904761904761905,0.595238095238095,1,0.714285714285714,0.880952380952381,0.642857142857143,0.857142857142857,0.904761904761905,0.333333333333333,0.880952380952381,0.976190476190476,0.619047619047619
"KLF10 (13g)",0.976190476190476,0.833333333333333,0.714285714285714,0.476190476190476,0.857142857142857,0.928571428571429,0.404761904761905,0.80952380952381,0.642857142857143,0.761904761904762,0.857142857142857,0.69047619047619,0.904761904761905,1,0.976190476190476,0.380952380952381,0.785714285714286,0.857142857142857,0.5,0.80952380952381,0.380952380952381,0.880952380952381,0.952380952380952,0.880952380952381,1,0.928571428571429,0.452380952380952,0.761904761904762,0.738095238095238,0.619047619047619,0.976190476190476,0.80952380952381,0.214285714285714,0.952380952380952,0.166666666666667,0.714285714285714,0.5,0.595238095238095,0.928571428571429,0.5,0.928571428571429,0.714285714285714
"KLF13 (13g)",0.80952380952381,0.69047619047619,0.357142857142857,0.976190476190476,0.523809523809524,0.761904761904762,0.214285714285714,0.69047619047619,0.595238095238095,0.619047619047619,0.952380952380952,0.857142857142857,0.785714285714286,0.880952380952381,1,0.523809523809524,0.904761904761905,0.952380952380952,0.595238095238095,0.380952380952381,0.738095238095238,0.69047619047619,0.69047619047619,0.714285714285714,0.928571428571429,1,0.928571428571429,0.976190476190476,0.880952380952381,0.666666666666667,0.976190476190476,0.976190476190476,0.428571428571429,0.714285714285714,0.333333333333333,0.904761904761905,0.738095238095238,0.166666666666667,0.833333333333333,0.19047619047619,0.952380952380952,0.80952380952381
"MAX (33g)",0.666666666666667,0.761904761904762,0.119047619047619,1,0.380952380952381,1,0.285714285714286,0.666666666666667,0.880952380952381,0.928571428571429,1,0.833333333333333,0.428571428571429,0.595238095238095,0.738095238095238,0.428571428571429,0.857142857142857,0.928571428571429,0.595238095238095,0.976190476190476,0.738095238095238,0.214285714285714,0.333333333333333,0.380952380952381,0.452380952380952,0.928571428571429,1,0.833333333333333,0.80952380952381,0.976190476190476,0.69047619047619,0.976190476190476,0.595238095238095,0.80952380952381,0.571428571428571,0.976190476190476,0.642857142857143,0.166666666666667,0.880952380952381,0.0714285714285714,0.571428571428571,0.904761904761905
"NFKB1 (20g)",0.285714285714286,0.595238095238095,0.5,0.761904761904762,0.976190476190476,0.571428571428571,0.404761904761905,0.857142857142857,0.928571428571429,0.666666666666667,0.928571428571429,0.69047619047619,0.333333333333333,0.69047619047619,0.761904761904762,0.80952380952381,0.833333333333333,0.928571428571429,0.761904761904762,0.404761904761905,0.69047619047619,0.0952380952380952,0.166666666666667,0.523809523809524,0.761904761904762,0.976190476190476,0.833333333333333,1,0.904761904761905,0.880952380952381,1,0.80952380952381,0.619047619047619,1,0.476190476190476,0.952380952380952,0.666666666666667,0.19047619047619,0.761904761904762,0.333333333333333,0.928571428571429,0.904761904761905
"NFYC (22g)",0.285714285714286,0.476190476190476,0.238095238095238,0.642857142857143,0.928571428571429,0.69047619047619,0.69047619047619,0.833333333333333,0.880952380952381,0.738095238095238,0.952380952380952,0.523809523809524,0.333333333333333,0.571428571428571,0.69047619047619,0.80952380952381,0.928571428571429,0.714285714285714,0.952380952380952,0.571428571428571,0.785714285714286,0.238095238095238,0.214285714285714,0.380952380952381,0.738095238095238,0.880952380952381,0.80952380952381,0.904761904761905,1,0.857142857142857,0.904761904761905,0.928571428571429,0.880952380952381,1,0.80952380952381,0.976190476190476,0.761904761904762,0.452380952380952,0.523809523809524,0.428571428571429,0.642857142857143,0.738095238095238
"POLR2A (27g)",0.523809523809524,0.380952380952381,0.30952380952381,0.69047619047619,0.571428571428571,0.476190476190476,0.80952380952381,0.904761904761905,0.523809523809524,0.714285714285714,1,0.904761904761905,0.476190476190476,0.571428571428571,0.619047619047619,0.857142857142857,0.80952380952381,0.738095238095238,0.904761904761905,0.880952380952381,0.880952380952381,0.214285714285714,0.428571428571429,0.619047619047619,0.619047619047619,0.666666666666667,0.976190476190476,0.880952380952381,0.857142857142857,1,0.547619047619048,0.928571428571429,1,0.976190476190476,0.904761904761905,0.904761904761905,0.857142857142857,0.642857142857143,0.214285714285714,0.547619047619048,0.857142857142857,0.904761904761905
"SIX1 (18g)",0.666666666666667,0.880952380952381,0.69047619047619,0.80952380952381,0.976190476190476,0.904761904761905,0.0714285714285714,0.952380952380952,0.785714285714286,0.333333333333333,0.69047619047619,0.904761904761905,0.80952380952381,0.904761904761905,0.976190476190476,0.333333333333333,0.976190476190476,1,0.333333333333333,0.166666666666667,0.261904761904762,0.785714285714286,0.69047619047619,0.904761904761905,0.976190476190476,0.976190476190476,0.69047619047619,1,0.904761904761905,0.547619047619048,1,0.785714285714286,0.166666666666667,0.785714285714286,0.0714285714285714,0.642857142857143,0.452380952380952,0.0952380952380952,1,0.142857142857143,1,0.69047619047619
"SMAD1 (17g)",0.642857142857143,0.571428571428571,0.238095238095238,0.666666666666667,0.5,0.714285714285714,0.380952380952381,0.976190476190476,0.69047619047619,0.857142857142857,0.976190476190476,0.738095238095238,0.238095238095238,0.714285714285714,0.880952380952381,0.69047619047619,0.666666666666667,0.785714285714286,0.80952380952381,0.595238095238095,0.857142857142857,0.30952380952381,0.333333333333333,0.595238095238095,0.80952380952381,0.976190476190476,0.976190476190476,0.80952380952381,0.928571428571429,0.928571428571429,0.785714285714286,1,0.80952380952381,1,0.666666666666667,0.880952380952381,0.928571428571429,0.261904761904762,0.452380952380952,0.238095238095238,0.833333333333333,1
"SMAD5 (214g)",0.523809523809524,0.0714285714285714,0.833333333333333,0.619047619047619,0.761904761904762,0.142857142857143,0.928571428571429,0.714285714285714,0.119047619047619,0.166666666666667,0.880952380952381,0.80952380952381,0.761904761904762,0.261904761904762,0.404761904761905,1,0.69047619047619,0.30952380952381,1,0.904761904761905,0.976190476190476,0.666666666666667,0.738095238095238,1,0.214285714285714,0.428571428571429,0.595238095238095,0.619047619047619,0.880952380952381,1,0.166666666666667,0.80952380952381,1,0.904761904761905,1,0.952380952380952,1,0.976190476190476,0.0476190476190476,0.952380952380952,0.380952380952381,0.80952380952381
"SP1 (39g)",0.523809523809524,0.214285714285714,0.166666666666667,0.785714285714286,0.904761904761905,0.428571428571429,0.619047619047619,1,0.476190476190476,0.428571428571429,1,0.69047619047619,0.333333333333333,0.785714285714286,0.880952380952381,0.833333333333333,0.976190476190476,0.976190476190476,0.976190476190476,0.666666666666667,0.857142857142857,0.19047619047619,0.261904761904762,0.714285714285714,0.952380952380952,0.714285714285714,0.80952380952381,1,1,0.976190476190476,0.785714285714286,1,0.904761904761905,1,0.80952380952381,0.976190476190476,0.952380952380952,0.380952380952381,0.333333333333333,0.428571428571429,0.857142857142857,0.928571428571429
"STAT1 (269g)",0.738095238095238,0.142857142857143,0.904761904761905,0.571428571428571,0.761904761904762,0.261904761904762,0.976190476190476,0.547619047619048,0.357142857142857,0.380952380952381,0.642857142857143,0.714285714285714,0.833333333333333,0.30952380952381,0.166666666666667,0.952380952380952,0.452380952380952,0.19047619047619,0.976190476190476,1,1,0.80952380952381,0.857142857142857,0.880952380952381,0.166666666666667,0.333333333333333,0.571428571428571,0.476190476190476,0.80952380952381,0.904761904761905,0.0714285714285714,0.666666666666667,1,0.80952380952381,1,0.857142857142857,0.952380952380952,1,0.0714285714285714,0.952380952380952,0.261904761904762,0.69047619047619
"TAF1 (31g)",0.571428571428571,0.30952380952381,0.0476190476190476,0.833333333333333,0.642857142857143,0.476190476190476,0.619047619047619,0.857142857142857,0.404761904761905,0.595238095238095,1,0.928571428571429,0.380952380952381,0.595238095238095,0.714285714285714,0.904761904761905,0.952380952380952,0.80952380952381,1,0.761904761904762,0.976190476190476,0.238095238095238,0.380952380952381,0.642857142857143,0.714285714285714,0.904761904761905,0.976190476190476,0.952380952380952,0.976190476190476,0.904761904761905,0.642857142857143,0.880952380952381,0.952380952380952,0.976190476190476,0.857142857142857,1,0.880952380952381,0.428571428571429,0.214285714285714,0.30952380952381,0.571428571428571,0.952380952380952
"TBL1XR1 (13g)",0.857142857142857,0.214285714285714,0.452380952380952,0.952380952380952,0.19047619047619,0.214285714285714,0.642857142857143,0.761904761904762,0.166666666666667,0.428571428571429,1,1,0.547619047619048,0.5,0.976190476190476,0.904761904761905,0.80952380952381,0.642857142857143,0.976190476190476,0.904761904761905,0.928571428571429,0.666666666666667,0.523809523809524,0.857142857142857,0.5,0.738095238095238,0.642857142857143,0.666666666666667,0.761904761904762,0.857142857142857,0.452380952380952,0.928571428571429,1,0.952380952380952,0.952380952380952,0.880952380952381,1,0.80952380952381,0.166666666666667,0.785714285714286,0.642857142857143,0.857142857142857
"UQCRB (1160g)",0.880952380952381,0.785714285714286,0.976190476190476,0.30952380952381,0.880952380952381,0.785714285714286,1,0.30952380952381,0.80952380952381,0.714285714285714,0.119047619047619,0.595238095238095,0.952380952380952,0.80952380952381,0.119047619047619,0.928571428571429,0.214285714285714,0.0714285714285714,0.928571428571429,0.880952380952381,0.880952380952381,1,0.976190476190476,0.904761904761905,0.595238095238095,0.166666666666667,0.166666666666667,0.19047619047619,0.452380952380952,0.642857142857143,0.0952380952380952,0.261904761904762,0.976190476190476,0.380952380952381,1,0.428571428571429,0.80952380952381,1,0.666666666666667,1,0.380952380952381,0.380952380952381
"XBP1 (269g)",0.80952380952381,1,0.976190476190476,0.666666666666667,0.928571428571429,0.976190476190476,0.619047619047619,0.595238095238095,1,0.952380952380952,0.357142857142857,0.452380952380952,0.857142857142857,0.857142857142857,0.714285714285714,0.142857142857143,0.595238095238095,0.976190476190476,0.0952380952380952,0.761904761904762,0.119047619047619,0.952380952380952,0.880952380952381,0.333333333333333,0.928571428571429,0.833333333333333,0.880952380952381,0.761904761904762,0.523809523809524,0.214285714285714,1,0.452380952380952,0.0476190476190476,0.333333333333333,0.0714285714285714,0.214285714285714,0.166666666666667,0.666666666666667,1,0.785714285714286,0.785714285714286,0.619047619047619
"YY1 (717g)",0.80952380952381,0.857142857142857,1,0.142857142857143,0.976190476190476,0.642857142857143,0.976190476190476,0.428571428571429,0.928571428571429,0.714285714285714,0.142857142857143,0.357142857142857,0.880952380952381,0.547619047619048,0.30952380952381,0.976190476190476,0.214285714285714,0.119047619047619,0.904761904761905,0.738095238095238,0.833333333333333,0.976190476190476,0.928571428571429,0.880952380952381,0.5,0.19047619047619,0.0714285714285714,0.333333333333333,0.428571428571429,0.547619047619048,0.142857142857143,0.238095238095238,0.952380952380952,0.428571428571429,0.952380952380952,0.30952380952381,0.785714285714286,1,0.785714285714286,1,0.738095238095238,0.380952380952381
"ZBTB7A (15g)",0.833333333333333,0.523809523809524,0.904761904761905,0.69047619047619,0.928571428571429,0.619047619047619,0.0952380952380952,1,0.357142857142857,0.119047619047619,0.928571428571429,0.714285714285714,0.880952380952381,0.928571428571429,1,0.714285714285714,0.904761904761905,0.857142857142857,0.642857142857143,0.119047619047619,0.333333333333333,0.904761904761905,0.785714285714286,0.976190476190476,0.928571428571429,0.952380952380952,0.571428571428571,0.928571428571429,0.642857142857143,0.857142857142857,1,0.833333333333333,0.380952380952381,0.857142857142857,0.261904761904762,0.571428571428571,0.642857142857143,0.380952380952381,0.785714285714286,0.738095238095238,1,0.761904761904762
"ZMIZ1 (16g)",0.547619047619048,0.666666666666667,0.404761904761905,0.738095238095238,0.785714285714286,0.666666666666667,0.5,0.928571428571429,0.761904761904762,0.833333333333333,0.976190476190476,0.547619047619048,0.404761904761905,0.69047619047619,0.857142857142857,0.738095238095238,0.857142857142857,0.976190476190476,0.952380952380952,0.738095238095238,0.761904761904762,0.30952380952381,0.380952380952381,0.619047619047619,0.714285714285714,0.80952380952381,0.904761904761905,0.904761904761905,0.738095238095238,0.904761904761905,0.69047619047619,1,0.80952380952381,0.928571428571429,0.69047619047619,0.952380952380952,0.857142857142857,0.380952380952381,0.619047619047619,0.380952380952381,0.761904761904762,1
